# Spiral P0 — Vulkan compute parity port (RTX 5060, repo-pinned Vulkan.jl ZSqbR)
# physical device: NVIDIA GeForce RTX 5060 api=1.4.351 (DISCRETE) qfam=0
# glslc SPIR-V: comp=c96e2c672636c696
# port: ONE fused compute dispatch (shared cage + shared weights, E pairing
# verbatim, H rigid-rotation body / E f32 wind field); command-buffer replay
# timed (SUSTAINED gate metric: 50 back-to-back submits of one recorded CB
# + one queue_wait_idle, median of 5 trials after 5 warmups; fence-wait
# median also reported; readback copy NOT in either timed path — verification
# only).
# 0 B/frame uploaded: cage+bindings resident (the A_param contract).
# gates: P0-G0 provenance; P0-G1 oracle-derived refs; P0-G2 obj <= 4eps*maxcoord;
# P0-G3 screen <= 0.5px vs f64 cage path (every vertex measurable — no viewport);
# P0-G4 wall <= 2x pinned CUDA (rot: I A_param run b; wind: Spiral H2 wind ladder);
# P0-G4i pin applicability: same-(class,N) comparators exist for BOTH families
#   at all four N; pin_applicable=1 on every row; G4d's substitute is retired;
# P0-G5 determinism: per-row error-vector sha16 must match x2;
# P0-G6 NaN sentinel coverage + negative control
P0-G4g3 submit-floor band (p90−p10 over 25 warm trials): 22.60 us against a 14.83 us floor — this is the uncertainty carried by every attributed value; a band approaching the floor means a contended host, not a kernel finding
P0-G4b per-submit floor (empty-work dispatch, same CB shape, 50 back-to-back + one wait_idle): 14.83 us — host submit path of the harness
P0-G6b negative control (blob/rot, cage_y quarter shifted by 0.52): obj 1.080e+00 > bound 5.700e-07 — GATES DETECT
P0-G4i: same-(class,N) CUDA comparators now exist for BOTH families at all four N (rot: Spiral I A_param run b `4a9144326ebed3cb`; wind: Spiral H2 `088909edf19ff5f4`, 28 rows). Every row carries pin_applicable=1 and a real 2x parity claim; the P0-G4d same-cell substitute and its floor-band resolution limit are RETIRED (removed, not left dormant).
# parity rows: kind,name,h,tets,family,N,verts,ntot,obj_max,obj_bound,px_p95,px_max,err_sha16,layout
# wall rows: kind,name,family,N,layout,wall_sustained_us,cuda_pin_us,ratio_abs,wall_fencewait_us,floor_us,ratio_attributed,pin_applicable,sust_min_us,sust_max_us
# P0-G4i: pin_applicable=1 on EVERY row — a same-(class,N) CUDA comparator
# now exists for both families at all four N (rot: Spiral I A_param run b;
# wind: Spiral H2 wind ladder). The P0-G4d same-cell substitute is retired.
# pin protocol: stable columns = kind,name,h,tets,family,N,verts,ntot,obj_max,obj_bound,px_p95,px_max,err_sha16 (wall_us/ratio are machine-state)
parity,blob,0.28,1100,rot,1,10242,10242,2.389e-07,5.700e-07,0.000009,0.000022,e179f114ccc86b33,interleaved
wall,blob,rot,1,interleaved,14.20,9.25,1.535,82.05,14.83,0.000,1,13.76,16.29
parity,blob,0.28,1100,rot,1,10242,10242,2.389e-07,5.700e-07,0.000009,0.000022,e179f114ccc86b33,soa
wall,blob,rot,1,soa,14.76,9.25,1.595,81.43,14.83,0.000,1,14.36,16.71
parity,blob,0.28,1100,rot,1,10242,10242,2.389e-07,5.700e-07,0.000009,0.000022,e179f114ccc86b33,soa+packed
wall,blob,rot,1,soa+packed,14.67,9.25,1.586,81.76,14.83,0.000,1,13.33,83.35
parity,blob,0.28,1100,rot,8,10242,81936,2.389e-07,5.700e-07,0.000009,0.000022,7c88d981166f54ce,interleaved
wall,blob,rot,8,interleaved,16.31,12.79,1.275,87.43,14.83,0.115,1,15.56,16.47
parity,blob,0.28,1100,rot,8,10242,81936,2.389e-07,5.700e-07,0.000009,0.000022,7c88d981166f54ce,soa
wall,blob,rot,8,soa,15.98,12.79,1.250,76.42,14.83,0.090,1,15.72,17.96
parity,blob,0.28,1100,rot,8,10242,81936,2.389e-07,5.700e-07,0.000009,0.000022,7c88d981166f54ce,soa+packed
wall,blob,rot,8,soa+packed,16.17,12.79,1.264,97.58,14.83,0.104,1,15.66,18.34
parity,blob,0.28,1100,rot,32,10242,327744,2.389e-07,5.700e-07,0.000009,0.000022,a645a6b27ac91326,interleaved
wall,blob,rot,32,interleaved,27.13,22.35,1.214,99.61,14.83,0.550,1,26.50,59.77
parity,blob,0.28,1100,rot,32,10242,327744,2.389e-07,5.700e-07,0.000009,0.000022,a645a6b27ac91326,soa
wall,blob,rot,32,soa,26.86,22.35,1.202,94.09,14.83,0.538,1,25.06,27.05
parity,blob,0.28,1100,rot,32,10242,327744,2.389e-07,5.700e-07,0.000009,0.000022,a645a6b27ac91326,soa+packed
wall,blob,rot,32,soa+packed,25.46,22.35,1.139,81.83,14.83,0.476,1,24.15,28.64
parity,blob,0.28,1100,rot,128,10242,1310976,2.389e-07,5.700e-07,0.000009,0.000022,009464c2ee675925,interleaved
wall,blob,rot,128,interleaved,199.47,55.08,3.622,348.04,14.83,3.352,1,138.02,412.91
parity,blob,0.28,1100,rot,128,10242,1310976,2.389e-07,5.700e-07,0.000009,0.000022,009464c2ee675925,soa
wall,blob,rot,128,soa,193.14,55.08,3.507,181.17,14.83,3.237,1,98.21,402.17
parity,blob,0.28,1100,rot,128,10242,1310976,2.389e-07,5.700e-07,0.000009,0.000022,009464c2ee675925,soa+packed
wall,blob,rot,128,soa+packed,196.47,55.08,3.567,271.34,14.83,3.298,1,186.41,210.26
parity,blob,0.28,1100,wind,1,10242,10242,1.333e-07,5.700e-07,0.000008,0.000017,b34637757b55900f,interleaved
wall,blob,wind,1,interleaved,15.94,11.18,1.426,89.66,14.83,0.099,1,14.59,16.17
parity,blob,0.28,1100,wind,1,10242,10242,1.333e-07,5.700e-07,0.000008,0.000017,b34637757b55900f,soa
wall,blob,wind,1,soa,16.81,11.18,1.504,95.47,14.83,0.177,1,16.39,59.13
parity,blob,0.28,1100,wind,1,10242,10242,1.333e-07,5.700e-07,0.000008,0.000017,b34637757b55900f,soa+packed
wall,blob,wind,1,soa+packed,16.99,11.18,1.520,83.43,14.83,0.193,1,16.21,18.93
parity,blob,0.28,1100,wind,8,10242,81936,1.333e-07,5.700e-07,0.000008,0.000017,b2c6828f0a3fab53,interleaved
wall,blob,wind,8,interleaved,16.48,14.31,1.152,83.66,14.83,0.115,1,15.83,17.04
parity,blob,0.28,1100,wind,8,10242,81936,1.333e-07,5.700e-07,0.000008,0.000017,b2c6828f0a3fab53,soa
wall,blob,wind,8,soa,26.12,14.31,1.825,109.54,14.83,0.789,1,25.50,62.54
parity,blob,0.28,1100,wind,8,10242,81936,1.333e-07,5.700e-07,0.000008,0.000017,b2c6828f0a3fab53,soa+packed
wall,blob,wind,8,soa+packed,17.32,14.31,1.210,104.53,14.83,0.174,1,17.15,56.29
parity,blob,0.28,1100,wind,32,10242,327744,1.333e-07,5.700e-07,0.000008,0.000017,b9282d704d87edd8,interleaved
wall,blob,wind,32,interleaved,25.87,31.13,0.831,106.66,14.83,0.355,1,25.18,27.78
parity,blob,0.28,1100,wind,32,10242,327744,1.333e-07,5.700e-07,0.000008,0.000017,b9282d704d87edd8,soa
wall,blob,wind,32,soa,25.46,31.13,0.818,104.15,14.83,0.341,1,25.08,27.62
parity,blob,0.28,1100,wind,32,10242,327744,1.333e-07,5.700e-07,0.000008,0.000017,b9282d704d87edd8,soa+packed
wall,blob,wind,32,soa+packed,26.04,31.13,0.837,93.24,14.83,0.360,1,25.60,64.05
parity,blob,0.28,1100,wind,128,10242,1310976,1.333e-07,5.700e-07,0.000008,0.000017,7c4c0af1e13c77b0,interleaved
wall,blob,wind,128,interleaved,116.75,135.79,0.860,173.28,14.83,0.751,1,115.13,121.99
parity,blob,0.28,1100,wind,128,10242,1310976,1.333e-07,5.700e-07,0.000008,0.000017,7c4c0af1e13c77b0,soa
wall,blob,wind,128,soa,210.17,135.79,1.548,550.73,14.83,1.438,1,193.59,212.89
parity,blob,0.28,1100,wind,128,10242,1310976,1.333e-07,5.700e-07,0.000008,0.000017,7c4c0af1e13c77b0,soa+packed
wall,blob,wind,128,soa+packed,205.99,135.79,1.517,188.25,14.83,1.408,1,195.84,220.87
parity,teapot,0.3,500,rot,1,392,392,1.192e-07,5.484e-07,0.000007,0.000009,c62cb3b99af2ca94,interleaved
wall,teapot,rot,1,interleaved,23.90,6.74,3.546,107.08,14.83,1.345,1,21.02,25.24
parity,teapot,0.3,500,rot,1,392,392,1.192e-07,5.484e-07,0.000007,0.000009,c62cb3b99af2ca94,soa
wall,teapot,rot,1,soa,24.68,6.74,3.662,79.89,14.83,1.461,1,20.93,26.85
parity,teapot,0.3,500,rot,1,392,392,1.192e-07,5.484e-07,0.000007,0.000009,c62cb3b99af2ca94,soa+packed
wall,teapot,rot,1,soa+packed,24.54,6.74,3.642,87.54,14.83,1.441,1,23.11,38.11
parity,teapot,0.3,500,rot,8,392,3136,1.192e-07,5.484e-07,0.000007,0.000009,f59aada86e40219b,interleaved
wall,teapot,rot,8,interleaved,23.40,6.71,3.488,87.13,14.83,1.277,1,23.27,60.18
parity,teapot,0.3,500,rot,8,392,3136,1.192e-07,5.484e-07,0.000007,0.000009,f59aada86e40219b,soa
wall,teapot,rot,8,soa,22.01,6.71,3.280,79.07,14.83,1.070,1,20.36,24.38
parity,teapot,0.3,500,rot,8,392,3136,1.192e-07,5.484e-07,0.000007,0.000009,f59aada86e40219b,soa+packed
wall,teapot,rot,8,soa+packed,23.56,6.71,3.511,80.28,14.83,1.300,1,22.61,24.73
parity,teapot,0.3,500,rot,32,392,12544,1.192e-07,5.484e-07,0.000007,0.000009,ddeaa5ea858cca63,interleaved
wall,teapot,rot,32,interleaved,17.94,7.28,2.465,63.46,14.83,0.427,1,16.68,18.46
parity,teapot,0.3,500,rot,32,392,12544,1.192e-07,5.484e-07,0.000007,0.000009,ddeaa5ea858cca63,soa
wall,teapot,rot,32,soa,18.39,7.28,2.526,63.33,14.83,0.488,1,15.65,49.98
parity,teapot,0.3,500,rot,32,392,12544,1.192e-07,5.484e-07,0.000007,0.000009,ddeaa5ea858cca63,soa+packed
wall,teapot,rot,32,soa+packed,15.75,7.28,2.164,59.26,14.83,0.126,1,15.20,16.67
parity,teapot,0.3,500,rot,128,392,50176,1.192e-07,5.484e-07,0.000007,0.000009,0187ef36e8567fa2,interleaved
wall,teapot,rot,128,interleaved,15.27,8.76,1.743,67.10,14.83,0.050,1,14.49,16.08
parity,teapot,0.3,500,rot,128,392,50176,1.192e-07,5.484e-07,0.000007,0.000009,0187ef36e8567fa2,soa
wall,teapot,rot,128,soa,17.32,8.76,1.977,75.86,14.83,0.284,1,16.66,56.89
parity,teapot,0.3,500,rot,128,392,50176,1.192e-07,5.484e-07,0.000007,0.000009,0187ef36e8567fa2,soa+packed
wall,teapot,rot,128,soa+packed,16.80,8.76,1.917,72.58,14.83,0.224,1,16.69,17.05
parity,teapot,0.3,500,wind,1,392,392,1.193e-07,5.484e-07,0.000005,0.000012,27f487d71bccd3b0,interleaved
wall,teapot,wind,1,interleaved,23.48,8.45,2.779,86.00,14.83,1.023,1,22.73,26.56
parity,teapot,0.3,500,wind,1,392,392,1.193e-07,5.484e-07,0.000005,0.000012,27f487d71bccd3b0,soa
wall,teapot,wind,1,soa,23.53,8.45,2.784,81.64,14.83,1.029,1,22.54,29.70
parity,teapot,0.3,500,wind,1,392,392,1.193e-07,5.484e-07,0.000005,0.000012,27f487d71bccd3b0,soa+packed
wall,teapot,wind,1,soa+packed,23.04,8.45,2.727,83.97,14.83,0.972,1,21.69,65.63
parity,teapot,0.3,500,wind,8,392,3136,1.193e-07,5.484e-07,0.000005,0.000012,4b8eeb9bb0ecce94,interleaved
wall,teapot,wind,8,interleaved,22.09,8.34,2.649,82.24,14.83,0.870,1,21.49,22.57
parity,teapot,0.3,500,wind,8,392,3136,1.193e-07,5.484e-07,0.000005,0.000012,4b8eeb9bb0ecce94,soa
wall,teapot,wind,8,soa,23.10,8.34,2.770,84.65,14.83,0.992,1,21.72,28.74
parity,teapot,0.3,500,wind,8,392,3136,1.193e-07,5.484e-07,0.000005,0.000012,4b8eeb9bb0ecce94,soa+packed
wall,teapot,wind,8,soa+packed,25.11,8.34,3.011,60.60,14.83,1.233,1,21.39,63.23
parity,teapot,0.3,500,wind,32,392,12544,1.193e-07,5.484e-07,0.000005,0.000012,d0bf637c9c6a74fc,interleaved
wall,teapot,wind,32,interleaved,16.17,8.95,1.807,42.16,14.83,0.150,1,15.77,16.68
parity,teapot,0.3,500,wind,32,392,12544,1.193e-07,5.484e-07,0.000005,0.000012,d0bf637c9c6a74fc,soa
wall,teapot,wind,32,soa,14.97,8.95,1.673,54.24,14.83,0.016,1,13.34,15.96
parity,teapot,0.3,500,wind,32,392,12544,1.193e-07,5.484e-07,0.000005,0.000012,d0bf637c9c6a74fc,soa+packed
wall,teapot,wind,32,soa+packed,16.16,8.95,1.806,65.64,14.83,0.149,1,15.64,16.88
parity,teapot,0.3,500,wind,128,392,50176,1.193e-07,5.484e-07,0.000005,0.000012,3895d3b648a1752a,interleaved
wall,teapot,wind,128,interleaved,17.60,11.14,1.580,70.23,14.83,0.248,1,15.38,52.61
parity,teapot,0.3,500,wind,128,392,50176,1.193e-07,5.484e-07,0.000005,0.000012,3895d3b648a1752a,soa
wall,teapot,wind,128,soa,16.66,11.14,1.495,75.31,14.83,0.164,1,16.43,16.96
parity,teapot,0.3,500,wind,128,392,50176,1.193e-07,5.484e-07,0.000005,0.000012,3895d3b648a1752a,soa+packed
wall,teapot,wind,128,soa+packed,16.88,11.14,1.515,63.49,14.83,0.184,1,15.79,18.51
parity,icosphere2,0.3,906,rot,1,162,162,1.229e-07,5.245e-07,0.000007,0.000010,682f7852192dd4e7,interleaved
wall,icosphere2,rot,1,interleaved,16.40,6.68,2.455,76.82,14.83,0.235,1,15.34,59.63
parity,icosphere2,0.3,906,rot,1,162,162,1.229e-07,5.245e-07,0.000007,0.000010,682f7852192dd4e7,soa
wall,icosphere2,rot,1,soa,18.27,6.68,2.735,46.62,14.83,0.514,1,14.52,18.89
parity,icosphere2,0.3,906,rot,1,162,162,1.229e-07,5.245e-07,0.000007,0.000010,682f7852192dd4e7,soa+packed
wall,icosphere2,rot,1,soa+packed,16.05,6.68,2.403,78.27,14.83,0.182,1,15.11,17.99
parity,icosphere2,0.3,906,rot,8,162,1296,1.229e-07,5.245e-07,0.000007,0.000010,d3d89bc3758c4d7a,interleaved
wall,icosphere2,rot,8,interleaved,16.91,6.96,2.429,77.78,14.83,0.298,1,15.73,17.81
parity,icosphere2,0.3,906,rot,8,162,1296,1.229e-07,5.245e-07,0.000007,0.000010,d3d89bc3758c4d7a,soa
wall,icosphere2,rot,8,soa,16.67,6.96,2.395,77.22,14.83,0.263,1,15.92,57.64
parity,icosphere2,0.3,906,rot,8,162,1296,1.229e-07,5.245e-07,0.000007,0.000010,d3d89bc3758c4d7a,soa+packed
wall,icosphere2,rot,8,soa+packed,14.86,6.96,2.136,76.33,14.83,0.005,1,14.58,17.21
parity,icosphere2,0.3,906,rot,32,162,5184,1.229e-07,5.245e-07,0.000007,0.000010,d597b50724a4c053,interleaved
wall,icosphere2,rot,32,interleaved,16.44,6.96,2.362,65.77,14.83,0.231,1,13.97,17.40
parity,icosphere2,0.3,906,rot,32,162,5184,1.229e-07,5.245e-07,0.000007,0.000010,d597b50724a4c053,soa
wall,icosphere2,rot,32,soa,16.20,6.96,2.328,64.72,14.83,0.197,1,14.76,17.93
parity,icosphere2,0.3,906,rot,32,162,5184,1.229e-07,5.245e-07,0.000007,0.000010,d597b50724a4c053,soa+packed
wall,icosphere2,rot,32,soa+packed,15.78,6.96,2.267,64.33,14.83,0.135,1,14.95,15.96
parity,icosphere2,0.3,906,rot,128,162,20736,1.229e-07,5.245e-07,0.000007,0.000010,98dec48bec84cf58,interleaved
wall,icosphere2,rot,128,interleaved,15.30,7.86,1.946,70.12,14.83,0.059,1,14.34,18.54
parity,icosphere2,0.3,906,rot,128,162,20736,1.229e-07,5.245e-07,0.000007,0.000010,98dec48bec84cf58,soa
wall,icosphere2,rot,128,soa,22.90,7.86,2.913,77.29,14.83,1.026,1,20.02,23.71
parity,icosphere2,0.3,906,rot,128,162,20736,1.229e-07,5.245e-07,0.000007,0.000010,98dec48bec84cf58,soa+packed
wall,icosphere2,rot,128,soa+packed,22.43,7.86,2.854,69.76,14.83,0.967,1,19.43,117.66
parity,icosphere2,0.3,906,wind,1,162,162,1.229e-07,5.245e-07,0.000007,0.000009,b8e19e4901eab534,interleaved
wall,icosphere2,wind,1,interleaved,18.30,8.17,2.240,74.06,14.83,0.424,1,15.64,19.49
parity,icosphere2,0.3,906,wind,1,162,162,1.229e-07,5.245e-07,0.000007,0.000009,b8e19e4901eab534,soa
wall,icosphere2,wind,1,soa,16.66,8.17,2.040,74.87,14.83,0.224,1,16.25,19.26
parity,icosphere2,0.3,906,wind,1,162,162,1.229e-07,5.245e-07,0.000007,0.000009,b8e19e4901eab534,soa+packed
wall,icosphere2,wind,1,soa+packed,15.30,8.17,1.872,73.83,14.83,0.057,1,14.94,18.82
parity,icosphere2,0.3,906,wind,8,162,1296,1.229e-07,5.245e-07,0.000007,0.000009,d0f34f143f9890b2,interleaved
wall,icosphere2,wind,8,interleaved,17.55,8.56,2.050,77.56,14.83,0.317,1,16.16,54.00
parity,icosphere2,0.3,906,wind,8,162,1296,1.229e-07,5.245e-07,0.000007,0.000009,d0f34f143f9890b2,soa
wall,icosphere2,wind,8,soa,17.42,8.56,2.036,76.74,14.83,0.303,1,15.21,20.43
parity,icosphere2,0.3,906,wind,8,162,1296,1.229e-07,5.245e-07,0.000007,0.000009,d0f34f143f9890b2,soa+packed
wall,icosphere2,wind,8,soa+packed,18.81,8.56,2.198,78.07,14.83,0.465,1,17.09,19.60
parity,icosphere2,0.3,906,wind,32,162,5184,1.229e-07,5.245e-07,0.000007,0.000009,1517b2c3bd8ecc55,interleaved
wall,icosphere2,wind,32,interleaved,17.68,8.21,2.153,78.49,14.83,0.346,1,15.43,58.59
parity,icosphere2,0.3,906,wind,32,162,5184,1.229e-07,5.245e-07,0.000007,0.000009,1517b2c3bd8ecc55,soa
wall,icosphere2,wind,32,soa,18.05,8.21,2.199,72.28,14.83,0.392,1,15.15,19.07
parity,icosphere2,0.3,906,wind,32,162,5184,1.229e-07,5.245e-07,0.000007,0.000009,1517b2c3bd8ecc55,soa+packed
wall,icosphere2,wind,32,soa+packed,14.50,8.21,1.767,64.53,14.83,0.000,1,14.08,14.67
parity,icosphere2,0.3,906,wind,128,162,20736,1.229e-07,5.245e-07,0.000007,0.000009,8d8489f7e125fd3c,interleaved
wall,icosphere2,wind,128,interleaved,15.01,8.76,1.714,65.58,14.83,0.021,1,14.72,15.81
parity,icosphere2,0.3,906,wind,128,162,20736,1.229e-07,5.245e-07,0.000007,0.000009,8d8489f7e125fd3c,soa
wall,icosphere2,wind,128,soa,16.50,8.76,1.884,67.85,14.83,0.191,1,15.84,51.73
parity,icosphere2,0.3,906,wind,128,162,20736,1.229e-07,5.245e-07,0.000007,0.000009,8d8489f7e125fd3c,soa+packed
wall,icosphere2,wind,128,soa+packed,17.12,8.76,1.954,54.71,14.83,0.261,1,16.23,18.61
parity,robot,0.13,435,rot,1,48,48,1.201e-07,5.484e-07,0.000007,0.000010,a233bac47af87503,interleaved
wall,robot,rot,1,interleaved,15.82,6.44,2.457,63.36,14.83,0.154,1,14.45,17.14
parity,robot,0.13,435,rot,1,48,48,1.201e-07,5.484e-07,0.000007,0.000010,a233bac47af87503,soa
wall,robot,rot,1,soa,17.57,6.44,2.728,63.36,14.83,0.425,1,14.98,54.35
parity,robot,0.13,435,rot,1,48,48,1.201e-07,5.484e-07,0.000007,0.000010,a233bac47af87503,soa+packed
wall,robot,rot,1,soa+packed,16.18,6.44,2.513,63.81,14.83,0.209,1,15.23,17.44
parity,robot,0.13,435,rot,8,48,384,1.201e-07,5.484e-07,0.000007,0.000010,c30af3b268c6ff73,interleaved
wall,robot,rot,8,interleaved,16.49,6.96,2.369,63.06,14.83,0.238,1,15.37,18.65
parity,robot,0.13,435,rot,8,48,384,1.201e-07,5.484e-07,0.000007,0.000010,c30af3b268c6ff73,soa
wall,robot,rot,8,soa,16.85,6.96,2.420,50.64,14.83,0.289,1,15.60,19.31
parity,robot,0.13,435,rot,8,48,384,1.201e-07,5.484e-07,0.000007,0.000010,c30af3b268c6ff73,soa+packed
wall,robot,rot,8,soa+packed,15.55,6.96,2.235,60.52,14.83,0.103,1,14.38,51.48
parity,robot,0.13,435,rot,32,48,1536,1.201e-07,5.484e-07,0.000007,0.000010,e2ebf063446512ce,interleaved
wall,robot,rot,32,interleaved,15.31,6.80,2.252,62.47,14.83,0.070,1,14.34,16.93
parity,robot,0.13,435,rot,32,48,1536,1.201e-07,5.484e-07,0.000007,0.000010,e2ebf063446512ce,soa
wall,robot,rot,32,soa,14.89,6.80,2.190,63.44,14.83,0.008,1,14.52,16.01
parity,robot,0.13,435,rot,32,48,1536,1.201e-07,5.484e-07,0.000007,0.000010,e2ebf063446512ce,soa+packed
wall,robot,rot,32,soa+packed,16.67,6.80,2.451,61.41,14.83,0.270,1,15.68,18.17
parity,robot,0.13,435,rot,128,48,6144,1.201e-07,5.484e-07,0.000007,0.000010,2e0b4f74fbc898e7,interleaved
wall,robot,rot,128,interleaved,16.03,6.85,2.340,61.70,14.83,0.174,1,15.70,16.78
parity,robot,0.13,435,rot,128,48,6144,1.201e-07,5.484e-07,0.000007,0.000010,2e0b4f74fbc898e7,soa
wall,robot,rot,128,soa,16.00,6.85,2.335,60.69,14.83,0.170,1,15.69,16.25
parity,robot,0.13,435,rot,128,48,6144,1.201e-07,5.484e-07,0.000007,0.000010,2e0b4f74fbc898e7,soa+packed
wall,robot,rot,128,soa+packed,15.66,6.85,2.287,61.72,14.83,0.121,1,15.51,16.73
parity,robot,0.13,435,wind,1,48,48,1.408e-07,5.484e-07,0.000006,0.000007,746af6ff00f28515,interleaved
wall,robot,wind,1,interleaved,23.89,7.90,3.024,107.77,14.83,1.146,1,18.42,101.52
parity,robot,0.13,435,wind,1,48,48,1.408e-07,5.484e-07,0.000006,0.000007,746af6ff00f28515,soa
wall,robot,wind,1,soa,17.60,7.90,2.228,75.10,14.83,0.351,1,17.35,24.31
parity,robot,0.13,435,wind,1,48,48,1.408e-07,5.484e-07,0.000006,0.000007,746af6ff00f28515,soa+packed
wall,robot,wind,1,soa+packed,20.83,7.90,2.637,70.26,14.83,0.760,1,19.26,46.52
parity,robot,0.13,435,wind,8,48,384,1.408e-07,5.484e-07,0.000006,0.000007,8a119f6722a6d5f6,interleaved
wall,robot,wind,8,interleaved,18.30,8.34,2.195,64.62,14.83,0.416,1,17.01,23.16
parity,robot,0.13,435,wind,8,48,384,1.408e-07,5.484e-07,0.000006,0.000007,8a119f6722a6d5f6,soa
wall,robot,wind,8,soa,39.09,8.34,4.687,62.04,14.83,2.909,1,17.25,51.68
parity,robot,0.13,435,wind,8,48,384,1.408e-07,5.484e-07,0.000006,0.000007,8a119f6722a6d5f6,soa+packed
wall,robot,wind,8,soa+packed,16.75,8.34,2.009,61.29,14.83,0.230,1,16.40,17.14
parity,robot,0.13,435,wind,32,48,1536,1.408e-07,5.484e-07,0.000006,0.000007,27d5569a6601d11b,interleaved
wall,robot,wind,32,interleaved,16.47,8.12,2.029,61.75,14.83,0.202,1,16.44,17.19
parity,robot,0.13,435,wind,32,48,1536,1.408e-07,5.484e-07,0.000006,0.000007,27d5569a6601d11b,soa
wall,robot,wind,32,soa,17.38,8.12,2.140,65.40,14.83,0.313,1,16.44,57.65
parity,robot,0.13,435,wind,32,48,1536,1.408e-07,5.484e-07,0.000006,0.000007,27d5569a6601d11b,soa+packed
wall,robot,wind,32,soa+packed,16.73,8.12,2.060,67.50,14.83,0.233,1,14.49,17.63
parity,robot,0.13,435,wind,128,48,6144,1.408e-07,5.484e-07,0.000006,0.000007,412fc1c7fb352337,interleaved
wall,robot,wind,128,interleaved,27.86,8.13,3.427,58.64,14.83,1.602,1,18.81,40.60
parity,robot,0.13,435,wind,128,48,6144,1.408e-07,5.484e-07,0.000006,0.000007,412fc1c7fb352337,soa
wall,robot,wind,128,soa,20.09,8.13,2.471,58.98,14.83,0.647,1,16.55,23.13
parity,robot,0.13,435,wind,128,48,6144,1.408e-07,5.484e-07,0.000006,0.000007,412fc1c7fb352337,soa+packed
wall,robot,wind,128,soa+packed,16.35,8.13,2.011,54.73,14.83,0.187,1,14.77,49.91
parity,conifer,0.6,226,rot,1,3508,3508,9.611e-07,3.433e-06,0.000047,0.000109,6292425d63d97b6c,interleaved
wall,conifer,rot,1,interleaved,15.60,6.65,2.345,58.90,14.83,0.115,1,15.46,16.56
parity,conifer,0.6,226,rot,1,3508,3508,9.611e-07,3.433e-06,0.000047,0.000109,6292425d63d97b6c,soa
wall,conifer,rot,1,soa,17.40,6.65,2.616,60.02,14.83,0.386,1,16.38,18.49
parity,conifer,0.6,226,rot,1,3508,3508,9.611e-07,3.433e-06,0.000047,0.000109,6292425d63d97b6c,soa+packed
wall,conifer,rot,1,soa+packed,16.11,6.65,2.422,57.65,14.83,0.191,1,14.96,49.91
parity,conifer,0.6,226,rot,8,3508,28064,9.611e-07,3.433e-06,0.000047,0.000109,3aa89d5e9dbfdc13,interleaved
wall,conifer,rot,8,interleaved,16.78,7.29,2.301,43.60,14.83,0.266,1,15.78,19.35
parity,conifer,0.6,226,rot,8,3508,28064,9.611e-07,3.433e-06,0.000047,0.000109,3aa89d5e9dbfdc13,soa
wall,conifer,rot,8,soa,16.37,7.29,2.246,60.58,14.83,0.211,1,15.04,17.63
parity,conifer,0.6,226,rot,8,3508,28064,9.611e-07,3.433e-06,0.000047,0.000109,3aa89d5e9dbfdc13,soa+packed
wall,conifer,rot,8,soa+packed,15.09,7.29,2.071,60.87,14.83,0.036,1,14.61,15.64
parity,conifer,0.6,226,rot,32,3508,112256,9.611e-07,3.433e-06,0.000047,0.000109,5a4fbd20e8624b47,interleaved
wall,conifer,rot,32,interleaved,15.47,10.28,1.505,62.28,14.83,0.062,1,15.07,46.84
parity,conifer,0.6,226,rot,32,3508,112256,9.611e-07,3.433e-06,0.000047,0.000109,5a4fbd20e8624b47,soa
wall,conifer,rot,32,soa,15.63,10.28,1.521,65.28,14.83,0.078,1,15.39,16.56
parity,conifer,0.6,226,rot,32,3508,112256,9.611e-07,3.433e-06,0.000047,0.000109,5a4fbd20e8624b47,soa+packed
wall,conifer,rot,32,soa+packed,22.00,10.28,2.140,76.17,14.83,0.698,1,21.58,23.83
parity,conifer,0.6,226,rot,128,3508,449024,9.611e-07,3.433e-06,0.000047,0.000109,eac1e8fd15e4e84f,interleaved
wall,conifer,rot,128,interleaved,28.56,20.54,1.390,87.68,14.83,0.668,1,25.96,61.26
parity,conifer,0.6,226,rot,128,3508,449024,9.611e-07,3.433e-06,0.000047,0.000109,eac1e8fd15e4e84f,soa
wall,conifer,rot,128,soa,28.33,20.54,1.379,80.36,14.83,0.657,1,25.56,28.43
parity,conifer,0.6,226,rot,128,3508,449024,9.611e-07,3.433e-06,0.000047,0.000109,eac1e8fd15e4e84f,soa+packed
wall,conifer,rot,128,soa+packed,27.73,20.54,1.350,82.26,14.83,0.628,1,25.61,28.10
parity,conifer,0.6,226,wind,1,3508,3508,9.703e-07,3.433e-06,0.000039,0.000089,22b0d3996f3c64cf,interleaved
wall,conifer,wind,1,interleaved,22.03,8.23,2.677,84.13,14.83,0.874,1,20.02,23.89
parity,conifer,0.6,226,wind,1,3508,3508,9.703e-07,3.433e-06,0.000039,0.000089,22b0d3996f3c64cf,soa
wall,conifer,wind,1,soa,27.78,8.23,3.376,86.40,14.83,1.574,1,26.17,154.53
parity,conifer,0.6,226,wind,1,3508,3508,9.703e-07,3.433e-06,0.000039,0.000089,22b0d3996f3c64cf,soa+packed
wall,conifer,wind,1,soa+packed,24.06,8.23,2.924,83.83,14.83,1.122,1,22.63,26.38
parity,conifer,0.6,226,wind,8,3508,28064,9.703e-07,3.433e-06,0.000039,0.000089,8c9f977004a40431,interleaved
wall,conifer,wind,8,interleaved,16.40,9.32,1.760,108.38,14.83,0.168,1,16.01,17.09
parity,conifer,0.6,226,wind,8,3508,28064,9.703e-07,3.433e-06,0.000039,0.000089,8c9f977004a40431,soa
wall,conifer,wind,8,soa,16.78,9.32,1.800,95.58,14.83,0.209,1,16.11,18.20
parity,conifer,0.6,226,wind,8,3508,28064,9.703e-07,3.433e-06,0.000039,0.000089,8c9f977004a40431,soa+packed
wall,conifer,wind,8,soa+packed,15.41,9.32,1.654,98.71,14.83,0.062,1,14.62,53.17
parity,conifer,0.6,226,wind,32,3508,112256,9.703e-07,3.433e-06,0.000039,0.000089,1cd0b6436aeeea94,interleaved
wall,conifer,wind,32,interleaved,16.34,15.62,1.046,102.94,14.83,0.097,1,16.21,17.27
parity,conifer,0.6,226,wind,32,3508,112256,9.703e-07,3.433e-06,0.000039,0.000089,1cd0b6436aeeea94,soa
wall,conifer,wind,32,soa,16.53,15.62,1.058,103.12,14.83,0.109,1,16.13,16.85
parity,conifer,0.6,226,wind,32,3508,112256,9.703e-07,3.433e-06,0.000039,0.000089,1cd0b6436aeeea94,soa+packed
wall,conifer,wind,32,soa+packed,24.42,15.62,1.563,117.81,14.83,0.614,1,24.22,74.59
parity,conifer,0.6,226,wind,128,3508,449024,9.703e-07,3.433e-06,0.000039,0.000089,df63072e0a929fd9,interleaved
wall,conifer,wind,128,interleaved,28.32,38.20,0.741,111.30,14.83,0.353,1,26.85,29.22
parity,conifer,0.6,226,wind,128,3508,449024,9.703e-07,3.433e-06,0.000039,0.000089,df63072e0a929fd9,soa
wall,conifer,wind,128,soa,26.95,38.20,0.706,110.30,14.83,0.317,1,26.54,28.64
parity,conifer,0.6,226,wind,128,3508,449024,9.703e-07,3.433e-06,0.000039,0.000089,df63072e0a929fd9,soa+packed
wall,conifer,wind,128,soa+packed,27.69,38.20,0.725,88.80,14.83,0.337,1,26.57,28.62
parity,plate,0.3,96,rot,1,289,289,1.813e-07,5.722e-07,0.000008,0.000014,9d71e01fdd7bd3fc,interleaved
wall,plate,rot,1,interleaved,25.29,7.29,3.469,82.01,14.83,1.435,1,22.88,74.36
parity,plate,0.3,96,rot,1,289,289,1.813e-07,5.722e-07,0.000008,0.000014,9d71e01fdd7bd3fc,soa
wall,plate,rot,1,soa,25.11,7.29,3.444,78.39,14.83,1.409,1,24.34,27.41
parity,plate,0.3,96,rot,1,289,289,1.813e-07,5.722e-07,0.000008,0.000014,9d71e01fdd7bd3fc,soa+packed
wall,plate,rot,1,soa+packed,22.82,7.29,3.131,79.38,14.83,1.096,1,20.99,24.09
parity,plate,0.3,96,rot,8,289,2312,1.813e-07,5.722e-07,0.000008,0.000014,809b380477f1cdc9,interleaved
wall,plate,rot,8,interleaved,26.66,6.77,3.938,78.66,14.83,1.747,1,24.94,68.64
parity,plate,0.3,96,rot,8,289,2312,1.813e-07,5.722e-07,0.000008,0.000014,809b380477f1cdc9,soa
wall,plate,rot,8,soa,24.45,6.77,3.612,85.15,14.83,1.421,1,23.48,31.87
parity,plate,0.3,96,rot,8,289,2312,1.813e-07,5.722e-07,0.000008,0.000014,809b380477f1cdc9,soa+packed
wall,plate,rot,8,soa+packed,24.97,6.77,3.688,80.11,14.83,1.497,1,24.46,26.57
parity,plate,0.3,96,rot,32,289,9248,1.813e-07,5.722e-07,0.000008,0.000014,8201827674d7cdef,interleaved
wall,plate,rot,32,interleaved,16.69,7.22,2.311,62.92,14.83,0.256,1,16.21,17.36
parity,plate,0.3,96,rot,32,289,9248,1.813e-07,5.722e-07,0.000008,0.000014,8201827674d7cdef,soa
wall,plate,rot,32,soa,17.68,7.22,2.448,74.37,14.83,0.394,1,16.29,57.00
parity,plate,0.3,96,rot,32,289,9248,1.813e-07,5.722e-07,0.000008,0.000014,8201827674d7cdef,soa+packed
wall,plate,rot,32,soa+packed,17.19,7.22,2.381,61.19,14.83,0.326,1,15.21,17.54
parity,plate,0.3,96,rot,128,289,36992,1.813e-07,5.722e-07,0.000008,0.000014,fab689180afa05fb,interleaved
wall,plate,rot,128,interleaved,17.91,7.78,2.302,63.55,14.83,0.395,1,16.84,18.43
parity,plate,0.3,96,rot,128,289,36992,1.813e-07,5.722e-07,0.000008,0.000014,fab689180afa05fb,soa
wall,plate,rot,128,soa,16.72,7.78,2.149,63.43,14.83,0.242,1,15.25,55.34
parity,plate,0.3,96,rot,128,289,36992,1.813e-07,5.722e-07,0.000008,0.000014,fab689180afa05fb,soa+packed
wall,plate,rot,128,soa+packed,17.72,7.78,2.278,62.57,14.83,0.372,1,16.13,19.46
parity,plate,0.3,96,wind,1,289,289,1.333e-07,5.722e-07,0.000007,0.000011,c4e6a8a38a718257,interleaved
wall,plate,wind,1,interleaved,16.46,8.38,1.964,61.00,14.83,0.194,1,14.28,17.34
parity,plate,0.3,96,wind,1,289,289,1.333e-07,5.722e-07,0.000007,0.000011,c4e6a8a38a718257,soa
wall,plate,wind,1,soa,16.66,8.38,1.989,61.14,14.83,0.218,1,15.99,16.94
parity,plate,0.3,96,wind,1,289,289,1.333e-07,5.722e-07,0.000007,0.000011,c4e6a8a38a718257,soa+packed
wall,plate,wind,1,soa+packed,15.27,8.38,1.822,61.08,14.83,0.052,1,14.85,53.07
parity,plate,0.3,96,wind,8,289,2312,1.333e-07,5.722e-07,0.000007,0.000011,dc259fbe01cddcb1,interleaved
wall,plate,wind,8,interleaved,15.42,8.53,1.807,58.97,14.83,0.068,1,14.87,15.63
parity,plate,0.3,96,wind,8,289,2312,1.333e-07,5.722e-07,0.000007,0.000011,dc259fbe01cddcb1,soa
wall,plate,wind,8,soa,15.64,8.53,1.834,61.51,14.83,0.095,1,15.12,16.22
parity,plate,0.3,96,wind,8,289,2312,1.333e-07,5.722e-07,0.000007,0.000011,dc259fbe01cddcb1,soa+packed
wall,plate,wind,8,soa+packed,17.59,8.53,2.062,63.42,14.83,0.323,1,16.39,19.23
parity,plate,0.3,96,wind,32,289,9248,1.333e-07,5.722e-07,0.000007,0.000011,be87e0d338260ee9,interleaved
wall,plate,wind,32,interleaved,17.11,9.13,1.874,61.21,14.83,0.249,1,14.99,18.09
parity,plate,0.3,96,wind,32,289,9248,1.333e-07,5.722e-07,0.000007,0.000011,be87e0d338260ee9,soa
wall,plate,wind,32,soa,16.47,9.13,1.804,67.20,14.83,0.180,1,15.50,18.13
parity,plate,0.3,96,wind,32,289,9248,1.333e-07,5.722e-07,0.000007,0.000011,be87e0d338260ee9,soa+packed
wall,plate,wind,32,soa+packed,26.00,9.13,2.848,84.15,14.83,1.223,1,24.00,28.27
parity,plate,0.3,96,wind,128,289,36992,1.333e-07,5.722e-07,0.000007,0.000011,c1b193e83c48d30c,interleaved
wall,plate,wind,128,interleaved,26.30,11.14,2.361,81.13,14.83,1.030,1,24.18,61.11
parity,plate,0.3,96,wind,128,289,36992,1.333e-07,5.722e-07,0.000007,0.000011,c1b193e83c48d30c,soa
wall,plate,wind,128,soa,16.36,11.14,1.469,71.41,14.83,0.137,1,15.67,16.93
parity,plate,0.3,96,wind,128,289,36992,1.333e-07,5.722e-07,0.000007,0.000011,c1b193e83c48d30c,soa+packed
wall,plate,wind,128,soa+packed,15.39,11.14,1.381,63.41,14.83,0.050,1,14.84,18.17
parity,grass,0.16,93,rot,1,120,120,6.007e-08,3.815e-07,0.000004,0.000007,e2216f300a7444cf,interleaved
wall,grass,rot,1,interleaved,16.69,6.42,2.599,73.12,14.83,0.289,1,16.40,17.07
parity,grass,0.16,93,rot,1,120,120,6.007e-08,3.815e-07,0.000004,0.000007,e2216f300a7444cf,soa
wall,grass,rot,1,soa,18.17,6.42,2.830,70.12,14.83,0.520,1,17.45,59.50
parity,grass,0.16,93,rot,1,120,120,6.007e-08,3.815e-07,0.000004,0.000007,e2216f300a7444cf,soa+packed
wall,grass,rot,1,soa+packed,16.25,6.42,2.531,70.73,14.83,0.220,1,16.14,17.13
parity,grass,0.16,93,rot,8,120,960,6.007e-08,3.815e-07,0.000004,0.000007,3c1a8aa99e93721a,interleaved
wall,grass,rot,8,interleaved,16.59,6.61,2.509,76.50,14.83,0.265,1,15.41,17.71
parity,grass,0.16,93,rot,8,120,960,6.007e-08,3.815e-07,0.000004,0.000007,3c1a8aa99e93721a,soa
wall,grass,rot,8,soa,19.24,6.61,2.910,71.72,14.83,0.666,1,16.68,61.56
parity,grass,0.16,93,rot,8,120,960,6.007e-08,3.815e-07,0.000004,0.000007,3c1a8aa99e93721a,soa+packed
wall,grass,rot,8,soa+packed,16.31,6.61,2.467,60.73,14.83,0.223,1,15.95,17.54
parity,grass,0.16,93,rot,32,120,3840,6.007e-08,3.815e-07,0.000004,0.000007,448d6914caf8cb2a,interleaved
wall,grass,rot,32,interleaved,16.18,6.67,2.425,65.71,14.83,0.201,1,15.63,16.72
parity,grass,0.16,93,rot,32,120,3840,6.007e-08,3.815e-07,0.000004,0.000007,448d6914caf8cb2a,soa
wall,grass,rot,32,soa,17.29,6.67,2.593,63.98,14.83,0.369,1,16.34,30.19
parity,grass,0.16,93,rot,32,120,3840,6.007e-08,3.815e-07,0.000004,0.000007,448d6914caf8cb2a,soa+packed
wall,grass,rot,32,soa+packed,16.31,6.67,2.445,61.50,14.83,0.221,1,15.80,55.34
parity,grass,0.16,93,rot,128,120,15360,6.007e-08,3.815e-07,0.000004,0.000007,db87c415bcbcd922,interleaved
wall,grass,rot,128,interleaved,16.82,6.96,2.417,63.41,14.83,0.286,1,15.96,30.80
parity,grass,0.16,93,rot,128,120,15360,6.007e-08,3.815e-07,0.000004,0.000007,db87c415bcbcd922,soa
wall,grass,rot,128,soa,23.62,6.96,3.394,71.10,14.83,1.263,1,23.09,24.78
parity,grass,0.16,93,rot,128,120,15360,6.007e-08,3.815e-07,0.000004,0.000007,db87c415bcbcd922,soa+packed
wall,grass,rot,128,soa+packed,18.75,6.96,2.694,61.24,14.83,0.563,1,17.37,56.26
parity,grass,0.16,93,wind,1,120,120,6.667e-08,3.815e-07,0.000005,0.000006,9c43e755357a2e0c,interleaved
wall,grass,wind,1,interleaved,16.79,8.92,1.882,71.90,14.83,0.219,1,16.26,17.27
parity,grass,0.16,93,wind,1,120,120,6.667e-08,3.815e-07,0.000005,0.000006,9c43e755357a2e0c,soa
wall,grass,wind,1,soa,16.15,8.92,1.810,64.25,14.83,0.147,1,15.62,17.97
parity,grass,0.16,93,wind,1,120,120,6.667e-08,3.815e-07,0.000005,0.000006,9c43e755357a2e0c,soa+packed
wall,grass,wind,1,soa+packed,15.68,8.92,1.758,64.17,14.83,0.095,1,14.90,22.77
parity,grass,0.16,93,wind,8,120,960,6.667e-08,3.815e-07,0.000005,0.000006,caba9bccdb287c0c,interleaved
wall,grass,wind,8,interleaved,16.94,9.12,1.858,64.93,14.83,0.232,1,15.34,59.37
parity,grass,0.16,93,wind,8,120,960,6.667e-08,3.815e-07,0.000005,0.000006,caba9bccdb287c0c,soa
wall,grass,wind,8,soa,17.70,9.12,1.941,59.97,14.83,0.314,1,16.46,19.02
parity,grass,0.16,93,wind,8,120,960,6.667e-08,3.815e-07,0.000005,0.000006,caba9bccdb287c0c,soa+packed
wall,grass,wind,8,soa+packed,15.59,9.12,1.709,64.35,14.83,0.083,1,15.40,16.88
parity,grass,0.16,93,wind,32,120,3840,6.667e-08,3.815e-07,0.000005,0.000006,b68c09eda2b5d856,interleaved
wall,grass,wind,32,interleaved,17.20,8.36,2.057,62.25,14.83,0.283,1,16.78,18.30
parity,grass,0.16,93,wind,32,120,3840,6.667e-08,3.815e-07,0.000005,0.000006,b68c09eda2b5d856,soa
wall,grass,wind,32,soa,16.71,8.36,1.999,60.32,14.83,0.225,1,14.48,17.14
parity,grass,0.16,93,wind,32,120,3840,6.667e-08,3.815e-07,0.000005,0.000006,b68c09eda2b5d856,soa+packed
wall,grass,wind,32,soa+packed,17.03,8.36,2.036,58.81,14.83,0.262,1,16.37,17.44
parity,grass,0.16,93,wind,128,120,15360,6.667e-08,3.815e-07,0.000005,0.000006,fe0a03aeb1bcac9c,interleaved
wall,grass,wind,128,interleaved,16.84,8.62,1.954,62.95,14.83,0.233,1,16.04,21.22
parity,grass,0.16,93,wind,128,120,15360,6.667e-08,3.815e-07,0.000005,0.000006,fe0a03aeb1bcac9c,soa
wall,grass,wind,128,soa,18.56,8.62,2.153,59.79,14.83,0.432,1,16.02,51.26
parity,grass,0.16,93,wind,128,120,15360,6.667e-08,3.815e-07,0.000005,0.000006,fe0a03aeb1bcac9c,soa+packed
wall,grass,wind,128,soa+packed,16.16,8.62,1.875,71.42,14.83,0.154,1,15.83,17.10
# error-vector aggregate sha16 (P0-G5): 3aa6d4444820856c
