# D temporal probe: frame k, cage-path max displacement D, GT max displacement d, motion ratio, px95(d=5), px_max(d=5)
# name,prec,frame,D,d,ratio,px95_d5,px_max_d5
blob,f64,1,2.552679e-02,2.517534e-02,1.0140,0.235,0.462
blob,f64,2,2.574561e-02,2.554916e-02,1.0077,0.227,0.458
blob,f64,3,2.480539e-02,2.468056e-02,1.0051,0.215,0.453
blob,f64,4,2.248623e-02,2.256313e-02,0.9966,0.201,0.416
blob,f64,5,1.893286e-02,1.930794e-02,0.9806,0.187,0.353
blob,f64,6,1.470871e-02,1.512362e-02,0.9726,0.177,0.292
blob,f64,7,1.467140e-02,1.459113e-02,1.0055,0.169,0.368
blob,f64,8,1.858025e-02,1.833821e-02,1.0132,0.170,0.424
blob,f64,9,2.169374e-02,2.145351e-02,1.0112,0.179,0.469
blob,f64,10,2.387358e-02,2.367398e-02,1.0084,0.202,0.499
blob,f64,11,2.497094e-02,2.484645e-02,1.0050,0.226,0.494
blob,f64,12,2.525470e-02,2.496917e-02,1.0114,0.237,0.476
blob,f64,13,2.552679e-02,2.517534e-02,1.0140,0.235,0.462
blob,f64,14,2.574561e-02,2.554916e-02,1.0077,0.227,0.458
blob,f64,15,2.480539e-02,2.468056e-02,1.0051,0.215,0.453
blob,f64,16,2.248623e-02,2.256313e-02,0.9966,0.201,0.416
blob,f64,17,1.893286e-02,1.930794e-02,0.9806,0.187,0.353
blob,f64,18,1.470871e-02,1.512362e-02,0.9726,0.177,0.292
blob,f64,19,1.467140e-02,1.459113e-02,1.0055,0.169,0.368
blob,f64,20,1.858025e-02,1.833821e-02,1.0132,0.170,0.424
blob,f64,21,2.169374e-02,2.145351e-02,1.0112,0.179,0.469
blob,f64,22,2.387358e-02,2.367398e-02,1.0084,0.202,0.499
blob,f64,23,2.497094e-02,2.484645e-02,1.0050,0.226,0.494
blob,f64,24,2.525470e-02,2.496917e-02,1.0114,0.237,0.476
blob,f32,1,2.552679e-02,2.517534e-02,1.0140,0.235,0.462
blob,f32,2,2.574561e-02,2.554916e-02,1.0077,0.227,0.458
blob,f32,3,2.480539e-02,2.468056e-02,1.0051,0.215,0.453
blob,f32,4,2.248623e-02,2.256313e-02,0.9966,0.201,0.416
blob,f32,5,1.893286e-02,1.930794e-02,0.9806,0.187,0.353
blob,f32,6,1.470871e-02,1.512362e-02,0.9726,0.177,0.292
blob,f32,7,1.467140e-02,1.459113e-02,1.0055,0.169,0.368
blob,f32,8,1.858025e-02,1.833821e-02,1.0132,0.170,0.424
blob,f32,9,2.169373e-02,2.145351e-02,1.0112,0.179,0.469
blob,f32,10,2.387358e-02,2.367398e-02,1.0084,0.202,0.499
blob,f32,11,2.497094e-02,2.484644e-02,1.0050,0.226,0.494
blob,f32,12,2.525470e-02,2.496917e-02,1.0114,0.237,0.476
blob,f32,13,2.552679e-02,2.517534e-02,1.0140,0.235,0.462
blob,f32,14,2.574561e-02,2.554916e-02,1.0077,0.227,0.458
blob,f32,15,2.480539e-02,2.468056e-02,1.0051,0.215,0.453
blob,f32,16,2.248623e-02,2.256313e-02,0.9966,0.201,0.416
blob,f32,17,1.893286e-02,1.930794e-02,0.9806,0.187,0.353
blob,f32,18,1.470871e-02,1.512362e-02,0.9726,0.177,0.292
blob,f32,19,1.467140e-02,1.459113e-02,1.0055,0.169,0.368
blob,f32,20,1.858025e-02,1.833821e-02,1.0132,0.170,0.424
blob,f32,21,2.169373e-02,2.145351e-02,1.0112,0.179,0.469
blob,f32,22,2.387358e-02,2.367398e-02,1.0084,0.202,0.499
blob,f32,23,2.497094e-02,2.484644e-02,1.0050,0.226,0.494
blob,f32,24,2.525470e-02,2.496917e-02,1.0114,0.237,0.476
conifer,f64,1,3.417621e-01,3.448680e-01,0.9910,0.713,1.233
conifer,f64,2,3.256297e-01,3.297637e-01,0.9875,0.620,0.939
conifer,f64,3,2.884661e-01,2.921866e-01,0.9873,0.502,1.172
conifer,f64,4,2.316863e-01,2.346974e-01,0.9872,0.431,1.365
conifer,f64,5,1.591174e-01,1.612140e-01,0.9870,0.521,1.554
conifer,f64,6,7.570503e-02,7.674415e-02,0.9865,0.599,1.658
conifer,f64,7,7.581926e-02,7.674415e-02,0.9879,0.666,1.650
conifer,f64,8,1.594190e-01,1.612140e-01,0.9889,0.741,1.529
conifer,f64,9,2.321547e-01,2.346974e-01,0.9892,0.821,1.549
conifer,f64,10,2.890693e-01,2.921866e-01,0.9893,0.811,1.618
conifer,f64,11,3.262844e-01,3.297637e-01,0.9894,0.808,1.576
conifer,f64,12,3.425598e-01,3.448680e-01,0.9933,0.783,1.443
conifer,f64,13,3.417621e-01,3.448680e-01,0.9910,0.713,1.233
conifer,f64,14,3.256297e-01,3.297637e-01,0.9875,0.620,0.939
conifer,f64,15,2.884661e-01,2.921866e-01,0.9873,0.502,1.172
conifer,f64,16,2.316863e-01,2.346974e-01,0.9872,0.431,1.365
conifer,f64,17,1.591174e-01,1.612140e-01,0.9870,0.521,1.554
conifer,f64,18,7.570503e-02,7.674415e-02,0.9865,0.599,1.658
conifer,f64,19,7.581926e-02,7.674415e-02,0.9879,0.666,1.650
conifer,f64,20,1.594190e-01,1.612140e-01,0.9889,0.741,1.529
conifer,f64,21,2.321547e-01,2.346974e-01,0.9892,0.821,1.549
conifer,f64,22,2.890693e-01,2.921866e-01,0.9893,0.811,1.618
conifer,f64,23,3.262844e-01,3.297637e-01,0.9894,0.808,1.576
conifer,f64,24,3.425598e-01,3.448680e-01,0.9933,0.783,1.443
conifer,f32,1,3.417621e-01,3.448680e-01,0.9910,0.713,1.233
conifer,f32,2,3.256297e-01,3.297637e-01,0.9875,0.620,0.939
conifer,f32,3,2.884661e-01,2.921866e-01,0.9873,0.502,1.172
conifer,f32,4,2.316863e-01,2.346974e-01,0.9872,0.431,1.365
conifer,f32,5,1.591174e-01,1.612140e-01,0.9870,0.521,1.554
conifer,f32,6,7.570503e-02,7.674415e-02,0.9865,0.599,1.658
conifer,f32,7,7.581926e-02,7.674415e-02,0.9879,0.666,1.650
conifer,f32,8,1.594190e-01,1.612140e-01,0.9889,0.741,1.529
conifer,f32,9,2.321547e-01,2.346974e-01,0.9892,0.821,1.549
conifer,f32,10,2.890693e-01,2.921866e-01,0.9893,0.811,1.618
conifer,f32,11,3.262844e-01,3.297637e-01,0.9894,0.808,1.576
conifer,f32,12,3.425598e-01,3.448680e-01,0.9933,0.783,1.443
conifer,f32,13,3.417621e-01,3.448680e-01,0.9910,0.713,1.233
conifer,f32,14,3.256297e-01,3.297637e-01,0.9875,0.620,0.939
conifer,f32,15,2.884661e-01,2.921866e-01,0.9873,0.502,1.172
conifer,f32,16,2.316863e-01,2.346974e-01,0.9872,0.431,1.365
conifer,f32,17,1.591174e-01,1.612140e-01,0.9870,0.521,1.554
conifer,f32,18,7.570503e-02,7.674415e-02,0.9865,0.599,1.658
conifer,f32,19,7.581926e-02,7.674415e-02,0.9879,0.666,1.650
conifer,f32,20,1.594190e-01,1.612140e-01,0.9889,0.741,1.529
conifer,f32,21,2.321547e-01,2.346974e-01,0.9892,0.821,1.549
conifer,f32,22,2.890693e-01,2.921866e-01,0.9893,0.811,1.618
conifer,f32,23,3.262844e-01,3.297637e-01,0.9894,0.808,1.576
conifer,f32,24,3.425598e-01,3.448680e-01,0.9933,0.783,1.443
# blob h=0.28 f64: worst_ratio=1.0140 (frame 1, gate 1.10) adj_px95=1.130 (gate 1.25) curv/max=0.060 (gate 0.25) px95_max=0.237 -> PASS
# blob h=0.28 f32: worst_ratio=1.0140 (frame 13, gate 1.25) adj_px95=1.130 (gate 1.50) curv/max=0.060 (gate 0.35) px95_max=0.237 -> PASS
# conifer h=0.60 f64: worst_ratio=0.9933 (frame 12, gate 1.10) adj_px95=1.209 (gate 1.25) curv/max=0.197 (gate 0.25) px95_max=0.821 -> PASS
# conifer h=0.60 f32: worst_ratio=0.9933 (frame 12, gate 1.25) adj_px95=1.209 (gate 1.50) curv/max=0.197 (gate 0.35) px95_max=0.821 -> PASS
