# D3 confirmation: wind-bound classes at extrapolated h (grass, plate)
# name,h,tets,tris_per_tet,family,obj_max,obj_rmse,px_mean_d5,px95_d5,px95_d20,px95_d100,nmax_deg
grass,0.14,143,0.67,wind,1.382152e-02,2.683063e-03,0.141,0.590,0.148,0.030,3.459
grass,0.14,143,0.67,twist,1.636227e-03,9.134380e-04,0.075,0.145,0.036,0.007,0.391
grass,0.14,143,0.67,fold,3.986036e-03,1.597622e-03,0.006,0.018,0.001,0.000,1.006
grass,0.14,143,0.67,fold4,7.972072e-03,3.195244e-03,0.014,0.038,0.002,0.000,1.299
grass,0.16,93,1.03,wind,6.761854e-03,2.060936e-03,0.142,0.457,0.114,0.023,2.903
grass,0.16,93,1.03,twist,2.112218e-03,1.128864e-03,0.091,0.187,0.047,0.009,0.427
grass,0.16,93,1.03,fold,3.870207e-03,1.579767e-03,0.008,0.020,0.001,0.000,0.909
grass,0.16,93,1.03,fold4,7.740415e-03,3.159534e-03,0.016,0.043,0.002,0.000,1.172
grass,0.12,211,0.45,wind,1.333303e-02,2.419419e-03,0.117,0.544,0.136,0.027,2.085
grass,0.12,211,0.45,twist,1.241228e-03,7.139765e-04,0.059,0.109,0.027,0.005,0.444
grass,0.12,211,0.45,fold,3.071742e-03,1.397201e-03,0.005,0.013,0.001,0.000,0.775
grass,0.12,211,0.45,fold4,6.143484e-03,2.794402e-03,0.011,0.027,0.002,0.000,1.058
plate,0.23,150,3.41,wind,2.526720e-02,5.285583e-03,0.274,1.298,0.324,0.065,0.419
plate,0.23,150,3.41,twist,3.808214e-03,2.237576e-03,0.199,0.333,0.083,0.017,0.070
plate,0.23,150,3.41,fold,6.917935e-03,3.468265e-03,0.034,0.111,0.007,0.000,3.813
plate,0.23,150,3.41,fold4,1.383587e-02,6.936529e-03,0.072,0.235,0.013,0.001,6.787
plate,0.26,96,5.33,wind,1.890965e-02,5.036231e-03,0.318,1.245,0.311,0.062,0.242
plate,0.26,96,5.33,twist,4.772826e-03,2.881883e-03,0.260,0.439,0.110,0.022,0.081
plate,0.26,96,5.33,fold,8.911219e-03,4.426396e-03,0.044,0.139,0.009,0.000,4.946
plate,0.26,96,5.33,fold4,1.782244e-02,8.852792e-03,0.092,0.296,0.017,0.001,7.723
plate,0.18,216,2.37,wind,2.051468e-02,4.349321e-03,0.206,1.093,0.273,0.055,0.298
plate,0.18,216,2.37,twist,2.296648e-03,1.400398e-03,0.127,0.212,0.053,0.011,0.052
plate,0.18,216,2.37,fold,5.082443e-03,2.137916e-03,0.021,0.066,0.004,0.000,3.487
plate,0.18,216,2.37,fold4,1.016489e-02,4.275832e-03,0.044,0.138,0.008,0.000,5.209
plate,0.15,294,1.74,wind,1.507655e-02,3.206881e-03,0.152,0.820,0.205,0.041,0.225
plate,0.15,294,1.74,twist,1.606222e-03,9.668367e-04,0.086,0.142,0.036,0.007,0.041
plate,0.15,294,1.74,fold,3.396807e-03,1.502061e-03,0.014,0.050,0.003,0.000,2.081
plate,0.15,294,1.74,fold4,6.793615e-03,3.004122e-03,0.031,0.104,0.006,0.000,3.306
