family,A,h,tets,max_err,rmse,p95,nmean_deg,nmax_deg,px_mean_d5,px_p95_d5,px_mean_d20,px_p95_d20,px_mean_d100,px_p95_d100
twist,0.05,0.280,1100,0.000210,0.000124,0.000186,0.036,0.113,0.011,0.020,0.003,0.005,0.001,0.001
twist,0.10,0.280,1100,0.000420,0.000249,0.000372,0.073,0.228,0.023,0.039,0.006,0.009,0.001,0.002
twist,0.20,0.280,1100,0.000842,0.000497,0.000744,0.145,0.459,0.046,0.079,0.011,0.019,0.002,0.004
twist,0.40,0.280,1100,0.001695,0.000995,0.001487,0.291,0.931,0.092,0.157,0.023,0.037,0.005,0.007
wind,0.05,0.280,1100,0.000119,0.000021,0.000051,0.004,0.040,0.001,0.005,0.000,0.001,0.000,0.000
wind,0.10,0.280,1100,0.000238,0.000042,0.000103,0.007,0.079,0.002,0.010,0.001,0.003,0.000,0.001
wind,0.20,0.280,1100,0.000476,0.000084,0.000206,0.015,0.158,0.004,0.021,0.001,0.005,0.000,0.001
wind,0.40,0.280,1100,0.000951,0.000167,0.000412,0.030,0.314,0.008,0.042,0.002,0.010,0.000,0.002
fold,0.05,0.280,1100,0.003194,0.001301,0.002752,0.287,1.994,0.014,0.047,0.001,0.003,0.000,0.000
fold,0.10,0.280,1100,0.006389,0.002601,0.005503,0.566,3.939,0.028,0.093,0.002,0.006,0.000,0.000
fold,0.20,0.280,1100,0.012777,0.005202,0.011007,1.076,7.922,0.056,0.185,0.003,0.011,0.000,0.000
fold,0.40,0.280,1100,0.025554,0.010405,0.022013,1.868,14.028,0.114,0.365,0.007,0.022,0.000,0.001
twist,0.05,0.140,4469,0.000052,0.000032,0.000047,0.015,0.051,0.003,0.005,0.001,0.001,0.000,0.000
twist,0.10,0.140,4469,0.000105,0.000063,0.000094,0.031,0.102,0.006,0.010,0.001,0.002,0.000,0.000
twist,0.20,0.140,4469,0.000210,0.000126,0.000188,0.061,0.206,0.012,0.020,0.003,0.005,0.001,0.001
twist,0.40,0.140,4469,0.000424,0.000253,0.000376,0.123,0.416,0.023,0.040,0.006,0.009,0.001,0.002
wind,0.05,0.140,4469,0.000040,0.000005,0.000013,0.002,0.018,0.000,0.001,0.000,0.000,0.000,0.000
wind,0.10,0.140,4469,0.000081,0.000011,0.000026,0.003,0.036,0.001,0.003,0.000,0.001,0.000,0.000
wind,0.20,0.140,4469,0.000162,0.000022,0.000053,0.007,0.073,0.001,0.005,0.000,0.001,0.000,0.000
wind,0.40,0.140,4469,0.000324,0.000044,0.000105,0.013,0.146,0.002,0.011,0.001,0.003,0.000,0.001
fold,0.05,0.140,4469,0.000801,0.000337,0.000726,0.117,0.754,0.004,0.012,0.000,0.001,0.000,0.000
fold,0.10,0.140,4469,0.001602,0.000674,0.001452,0.230,1.550,0.007,0.024,0.000,0.001,0.000,0.000
fold,0.20,0.140,4469,0.003205,0.001348,0.002904,0.438,3.155,0.014,0.049,0.001,0.003,0.000,0.000
fold,0.40,0.140,4469,0.006410,0.002696,0.005807,0.768,5.779,0.029,0.099,0.002,0.006,0.000,0.000
