# Sphere r=1.0, icosphere5 (20480 tris), h=0.22, eps sweep
# f64 = full-precision storage; f32 = GPU-realistic quantization
prec,eps,tets,tris_out,verts_out,gaps,gap_frac,gap_max_abs,ulp_max
64,0.000e+00,1770,60576,31050,7433,2.393881e-01,1.639e-15,152
64,1.000e-07,1770,60672,35076,39553,1.127637e+00,1.137e-06,55707702482
64,2.500e-06,1770,60672,35078,39572,1.128114e+00,2.843e-05,1392692564188
64,1.000e-05,1770,60672,35075,39603,1.129095e+00,1.137e-04,5570770257474
64,1.000e-04,1770,60672,35078,39537,1.127117e+00,1.137e-03,55707702576172
prec,eps,tets,tris_out,verts_out,gaps,gap_frac,gap_max_abs,ulp_max
32,0.000e+00,1770,60576,31050,0,0.000000e+00,0.000e+00,0
32,1.000e-07,1770,60672,35076,13659,3.894116e-01,1.147e-06,0
32,2.500e-06,1770,60672,35078,37720,1.075318e+00,2.844e-05,0
32,1.000e-05,1770,60672,35075,37771,1.076864e+00,1.137e-04,0
32,1.000e-04,1770,60672,35078,37768,1.076686e+00,1.137e-03,0
