# Spiral F — GPU frame pricing (RTX 5060 sm_120, E-validated kernels)
# device: NVIDIA GeForce RTX 5060 cap 12.0.0
# cuda runtime: 13.4.0
# timing: median of 25 reps after 3 warmup launches; us_wall includes launch+sync, us_dev is device time
# blob h=0.28 tets=1100 (pin ok) self-check max=0.00e+00
# teapot h=0.30 tets=500 (pin ok) self-check max=0.00e+00
# icosphere2 h=0.30 tets=906 (pin ok) self-check max=0.00e+00
# robot h=0.13 tets=435 (pin ok) self-check max=0.00e+00
# conifer h=0.60 tets=226 (pin ok) self-check max=0.00e+00
# plate h=0.30 tets=96 (pin ok) self-check max=0.00e+00
# grass h=0.16 tets=93 (pin ok) self-check max=0.00e+00
# perf rows: kind,name,h,tets,verts,family,us_wall_deform,us_dev_deform,us_wall_recon,us_dev_recon,us_wall_frame,us_dev_frame,reps,tets_per_us_frame,ident_max,dev_px95_cpugpu
perf,blob,0.28,1100,10242,wind,16.47,8.48,12.70,10.78,29.17,19.26,25,37.71,1.192e-07,0.0000
perf,blob,0.28,1100,10242,fold4,17.02,9.06,14.90,11.07,31.92,20.13,25,34.47,2.384e-07,0.0000
perf,teapot,0.3,500,392,wind,12.72,9.50,14.59,11.55,27.31,21.06,25,18.31,1.192e-07,0.0000
perf,teapot,0.3,500,392,fold4,12.56,9.06,15.78,11.62,28.35,20.67,25,17.64,1.192e-07,0.0000
perf,icosphere2,0.3,906,162,wind,13.04,9.44,13.73,10.27,26.77,19.71,25,33.85,5.960e-08,0.0000
perf,icosphere2,0.3,906,162,fold4,12.70,9.06,13.78,10.02,26.48,19.07,25,34.21,1.192e-07,0.0000
perf,robot,0.13,435,48,wind,12.01,9.44,14.44,10.78,26.45,20.22,25,16.45,1.192e-07,0.0000
perf,robot,0.13,435,48,fold4,12.06,9.12,14.37,10.75,26.44,19.87,25,16.45,1.192e-07,0.0000
perf,conifer,0.6,226,3508,wind,13.88,9.25,15.47,11.58,29.36,20.83,25,7.698,9.537e-07,0.0000
perf,conifer,0.6,226,3508,fold4,12.49,8.96,13.28,10.94,25.78,19.90,25,8.768,9.537e-07,0.0000
perf,plate,0.3,96,289,wind,12.65,9.82,13.69,10.62,26.34,20.45,25,3.645,1.192e-07,0.0000
perf,plate,0.3,96,289,fold4,12.84,10.37,13.85,10.94,26.69,21.31,25,3.597,1.192e-07,0.0000
perf,grass,0.16,93,120,wind,12.41,9.06,13.98,10.66,26.39,19.71,25,3.524,1.192e-07,0.0000
perf,grass,0.16,93,120,fold4,13.54,9.41,15.34,11.07,28.88,20.48,25,3.22,1.192e-07,0.0000
# cap rows: kind,name,h,tets,duty_ms,instances_in_duty (derived, not pinned)
cap,blob,0.28,1100,2.0,68
cap,blob,0.28,1100,4.0,137
cap,blob,0.28,1100,8.0,274
cap,blob,0.28,1100,2.0,62
cap,blob,0.28,1100,4.0,125
cap,blob,0.28,1100,8.0,250
cap,teapot,0.3,500,2.0,73
cap,teapot,0.3,500,4.0,146
cap,teapot,0.3,500,8.0,292
cap,teapot,0.3,500,2.0,70
cap,teapot,0.3,500,4.0,141
cap,teapot,0.3,500,8.0,282
cap,icosphere2,0.3,906,2.0,74
cap,icosphere2,0.3,906,4.0,149
cap,icosphere2,0.3,906,8.0,298
cap,icosphere2,0.3,906,2.0,75
cap,icosphere2,0.3,906,4.0,151
cap,icosphere2,0.3,906,8.0,302
cap,robot,0.13,435,2.0,75
cap,robot,0.13,435,4.0,151
cap,robot,0.13,435,8.0,302
cap,robot,0.13,435,2.0,75
cap,robot,0.13,435,4.0,151
cap,robot,0.13,435,8.0,302
cap,conifer,0.6,226,2.0,68
cap,conifer,0.6,226,4.0,136
cap,conifer,0.6,226,8.0,272
cap,conifer,0.6,226,2.0,77
cap,conifer,0.6,226,4.0,155
cap,conifer,0.6,226,8.0,310
cap,plate,0.3,96,2.0,75
cap,plate,0.3,96,4.0,151
cap,plate,0.3,96,8.0,303
cap,plate,0.3,96,2.0,74
cap,plate,0.3,96,4.0,149
cap,plate,0.3,96,8.0,299
cap,grass,0.16,93,2.0,75
cap,grass,0.16,93,4.0,151
cap,grass,0.16,93,8.0,303
cap,grass,0.16,93,2.0,69
cap,grass,0.16,93,4.0,138
cap,grass,0.16,93,8.0,277
# gates: F-G0 tets==pin & self-check; F-G1(a) ident<=4eps*maxcoord & (b) dev_px95_cpugpu<=0.02; F-G2 us_wall_frame<=500
# pin protocol: stable columns = kind,name,h,tets,verts,family,reps,ident_max (us_*/derived are machine-state)
