object,cage,N,std_mem_bytes,tet_mem_bytes,ratio,update_time_ratio
Tree,5x8x5 (med),1,68787426.7,94659876.5,0.727,414.3
Tree,5x8x5 (med),2,137574853.3,94730786.4,1.452,414.3
Tree,5x8x5 (med),3,206362280.0,94801696.2,2.177,414.3
Tree,5x8x5 (med),5,343937133.3,94943515.9,3.623,414.3
Tree,5x8x5 (med),10,687874266.7,95298065.1,7.218,414.3
Tree,5x8x5 (med),25,1719685666.7,96361712.8,17.846,414.3
Tree,5x8x5 (med),50,3439371333.3,98134458.8,35.048,414.3
Tree,5x8x5 (med),100,6878742666.7,101679951.0,67.651,414.3
Tree,5x8x5 (med),250,17196856666.7,112316427.5,153.111,414.3
Tree,5x8x5 (med),500,34393713333.3,130043888.4,264.478,414.3
Tree,5x8x5 (med),1000,68787426666.7,165498810.1,415.637,414.3
Tree,5x8x5 (med),2500,171968566666.7,271863575.2,632.555,414.3
Tree,5x8x5 (med),5000,343937133333.3,449138183.6,765.771,414.3
Tree,5x8x5 (med),10000,687874266666.7,803687400.6,855.898,414.3
Tree,5x8x5 (med),25000,1719685666666.7,1867335051.5,920.930,414.3
Tree,9x12x9 (high),1,68787426.7,112746942.2,0.610,114.3
Tree,9x12x9 (high),2,137574853.3,113002784.4,1.217,114.3
Tree,9x12x9 (high),3,206362280.0,113258626.5,1.822,114.3
Tree,9x12x9 (high),5,343937133.3,113770310.9,3.023,114.3
Tree,9x12x9 (high),10,687874266.7,115049521.8,5.979,114.3
Tree,9x12x9 (high),25,1719685666.7,118887154.6,14.465,114.3
Tree,9x12x9 (high),50,3439371333.3,125283209.1,27.453,114.3
Tree,9x12x9 (high),100,6878742666.7,138075318.2,49.819,114.3
Tree,9x12x9 (high),250,17196856666.7,176451645.6,97.459,114.3
Tree,9x12x9 (high),500,34393713333.3,240412191.2,143.061,114.3
Tree,9x12x9 (high),1000,68787426666.7,368333282.3,186.753,114.3
Tree,9x12x9 (high),2500,171968566666.7,752096555.8,228.652,114.3
Tree,9x12x9 (high),5000,343937133333.3,1391702011.5,247.134,114.3
Tree,9x12x9 (high),10000,687874266666.7,2670912923.0,257.543,114.3
Tree,9x12x9 (high),25000,1719685666666.7,6508545657.6,264.220,114.3
Grass,6x5x6 (med),1,4688320.0,8708963.3,0.538,30.5
Grass,6x5x6 (med),2,9376640.0,8787472.6,1.067,30.5
Grass,6x5x6 (med),3,14064960.0,8865981.8,1.586,30.5
Grass,6x5x6 (med),5,23441600.0,9023000.4,2.598,30.5
Grass,6x5x6 (med),10,46883200.0,9415546.8,4.979,30.5
Grass,6x5x6 (med),25,117208000.0,10593185.9,11.064,30.5
Grass,6x5x6 (med),50,234416000.0,12555917.8,18.670,30.5
Grass,6x5x6 (med),100,468832000.0,16481381.6,28.446,30.5
Grass,6x5x6 (med),250,1172080000.0,28257773.0,41.478,30.5
Grass,6x5x6 (med),500,2344160000.0,47885092.0,48.954,30.5
Grass,6x5x6 (med),1000,4688320000.0,87139730.0,53.802,30.5
Grass,6x5x6 (med),2500,11720800000.0,204903644.0,57.202,30.5
Grass,6x5x6 (med),5000,23441600000.0,401176834.0,58.432,30.5
Grass,6x5x6 (med),10000,46883200000.0,793723214.0,59.067,30.5
Grass,6x5x6 (med),25000,117208000000.0,1971362354.0,59.455,30.5
Grass,10x9x10 (high),1,4688320.0,12099862.7,0.387,8.3
Grass,10x9x10 (high),2,9376640.0,12367398.0,0.758,8.3
Grass,10x9x10 (high),3,14064960.0,12634933.4,1.113,8.3
Grass,10x9x10 (high),5,23441600.0,13170004.1,1.780,8.3
Grass,10x9x10 (high),10,46883200.0,14507680.8,3.232,8.3
Grass,10x9x10 (high),25,117208000.0,18520711.0,6.328,8.3
Grass,10x9x10 (high),50,234416000.0,25209094.6,9.299,8.3
Grass,10x9x10 (high),100,468832000.0,38585861.9,12.150,8.3
Grass,10x9x10 (high),250,1172080000.0,78716163.7,14.890,8.3
Grass,10x9x10 (high),500,2344160000.0,145600000.0,16.100,8.3
Grass,10x9x10 (high),1000,4688320000.0,279367672.7,16.782,8.3
Grass,10x9x10 (high),2500,11720800000.0,680670690.7,17.219,8.3
Grass,10x9x10 (high),5000,23441600000.0,1349509054.0,17.370,8.3
Grass,10x9x10 (high),10000,46883200000.0,2687185780.7,17.447,8.3
Grass,10x9x10 (high),25000,117208000000.0,6700215960.7,17.493,8.3
Frog,15x15x15 (med),1,16474576.0,25657043.8,0.642,35.9
Frog,15x15x15 (med),2,32949152.0,25869891.6,1.274,35.9
Frog,15x15x15 (med),3,49423728.0,26082739.4,1.895,35.9
Frog,15x15x15 (med),5,82372880.0,26508435.1,3.107,35.9
Frog,15x15x15 (med),10,164745760.0,27572674.1,5.975,35.9
Frog,15x15x15 (med),25,411864400.0,30765391.3,13.387,35.9
Frog,15x15x15 (med),50,823728800.0,36086586.7,22.826,35.9
Frog,15x15x15 (med),100,1647457600.0,46728977.4,35.256,35.9
Frog,15x15x15 (med),250,4118644000.0,78656149.5,52.363,35.9
Frog,15x15x15 (med),500,8237288000.0,131868102.9,62.466,35.9
Frog,15x15x15 (med),1000,16474576000.0,238292009.9,69.136,35.9
Frog,15x15x15 (med),2500,41186440000.0,557563730.7,73.869,35.9
Frog,15x15x15 (med),5000,82372880000.0,1089683265.4,75.593,35.9
Frog,15x15x15 (med),10000,164745760000.0,2153922334.8,76.486,35.9
Frog,15x15x15 (med),25000,411864400000.0,5346639543.0,77.032,35.9
Frog,25x25x25 (high),1,16474576.0,32807681.2,0.502,12.3
Frog,25x25x25 (high),2,32949152.0,33632253.8,0.980,12.3
Frog,25x25x25 (high),3,49423728.0,34456826.3,1.434,12.3
Frog,25x25x25 (high),5,82372880.0,36105971.4,2.281,12.3
Frog,25x25x25 (high),10,164745760.0,40228834.1,4.095,12.3
Frog,25x25x25 (high),25,411864400.0,52597422.4,7.831,12.3
Frog,25x25x25 (high),50,823728800.0,73211736.1,11.251,12.3
Frog,25x25x25 (high),100,1647457600.0,114440363.5,14.396,12.3
Frog,25x25x25 (high),250,4118644000.0,238126245.7,17.296,12.3
Frog,25x25x25 (high),500,8237288000.0,444269382.8,18.541,12.3
Frog,25x25x25 (high),1000,16474576000.0,856555656.8,19.234,12.3
Frog,25x25x25 (high),2500,41186440000.0,2093414479.1,19.674,12.3
Frog,25x25x25 (high),5000,82372880000.0,4154845849.6,19.826,12.3
Frog,25x25x25 (high),10000,164745760000.0,8277708590.5,19.902,12.3
Frog,25x25x25 (high),25000,411864400000.0,20646296813.2,19.949,12.3
